Name,Age,HouseID,R_DryM,R_Water,R_Energy,R_Protein,R_Lipid,R_Cho,R_Fiber,R_Ca,R_Fe,R_Zn,R_VitC,R_Thiamin,R_Riboflavin,R_Niacin,R_VitB_6,R_Folate_food,R_FolicAcid,R_Folate_total,R_Folate_DFE,R_VitB_12,R_VitA_IU,R_VitA_RE,R_Retinol,R_AlphaCarotene,R_BetaCarotene,R_BetaCryptoxanthin
Adian,21,43,1.0,1.0,1.0,1.0,1.0,1.0,1.0,1.0,1.0,1.0,0.65,0.75,1.0,1.0,0.75,0.8,0.8,0.8,0.8,0.55,1.0,1.0,1.0,1.0,1.0,1.0
Jimmy,12,df,193.2,106.8,714.0,23.8,4.6,144.29999999999995,0.0,1582.7,75.87,1.14,8.25,0.3525,0.7110000000000001,5.9849999999999985,0.0,0.0,0.0,0.0,0.0,0.0,0.0,0.0,0.0,0.0,0.0,0.0
wcwv,0,svsv,16.9640571065,85.15842039350001,91.934238246,1.6174669534000001,3.5003827575,13.5961726,3.98260266,18.1823244729,0.3807654867400001,0.363291581845,10.5510090585,0.05038813523650002,0.0530970774025,0.7626652764699999,0.0,13.241544895999999,0.0,13.241544895999999,13.241544895999999,0.0,0.0,0.0,0.0,0.0,66.8575506757,0.0
wcwv,0,svsv,0.169640571065,0.8515842039350001,0.91934238246,0.016174669534,0.035003827575,0.13596172599999998,0.0398260266,0.183109257264,0.003938065444800001,0.0039347251436,0.118456506754,0.0005374460700700001,0.00047063674478500003,0.008031697997249999,0.0,0.0827258177855,0.0,0.0827258177855,0.0827258177855,0.0,0.0,0.0,0.0,0.0,0.614842033973,0.0
wcwv,0,svsv,0.169640571065,0.8515842039350001,0.9193423824600001,0.016174669534,0.035003827575,0.13596172599999998,0.039826026599999995,0.17617815075,0.00416363955795,0.004022268637,0.13907654851149998,0.000670753307915,0.00049751565918,0.009735038290549999,0.0,0.1516520530005,0.0,0.1516520530005,0.1516520530005,0.0,0.0,0.0,0.0,0.0,0.5636586657,0.0
