Age,C_DESCR,HouseID,Name,R_AlphaCarotene,R_BetaCarotene,R_BetaCryptoxanthin,R_Ca,R_Cho,R_DryM,R_Energy,R_Fe,R_Fiber,R_Folate_DFE,R_Folate_food,R_Folate_total,R_FolicAcid,R_Lipid,R_Niacin,R_Protein,R_Retinol,R_Riboflavin,R_Thiamin,R_VitA_IU,R_VitA_RE,R_VitB_12,R_VitB_6,R_VitC,R_Water,R_Zn
0,POTATO,svsv,wcwv,0.0,0.11991649271999999,0.0,0.049965205299999996,0.112921363978,0.12641196940899999,0.48466249140999995,0.001998608212,0.00999304106,0.033226861524499995,0.033226861524499995,0.033226861524499995,0.0,0.000499652053,0.0059958246359999995,0.007994432848,0.0,4.9965205299999996e-05,0.00047466945034999996,0.0,0.0,0.0,0.0,0.0806938065595,0.37324008359099997,0.002498260265
0,BRINJAL,svsv,wcwv,0.0,0.24293319418499998,0.0,0.070910229654,0.01750869868,0.031953375091,0.10505219208,0.00124749478095,0.02626304802,0.104176757146,0.104176757146,0.104176757146,0.0,0.001313152401,0.00334853862255,0.006128044538,0.0,0.00038519137096000003,0.00012256089076,0.0,0.0,0.0,0.0,0.042020876832,0.40576409190900004,0.0008754349340000001
0,"COOKING OIL GROUNDNUT,GINGELLY,PALMOLEIN,MUSTARD,COCONUT",svsv,wcwv,0.0,0.0,0.0,0.0,0.0,0.0,0.278705637,0.0,0.0,0.0,0.0,0.0,0.0,0.030967293,0.0,0.0,0.0,0.0,0.0,0.0,0.0,0.0,0.0,0.0,0.0,0.0
0,GARLIC DRY,svsv,wcwv,0.0,0.0,0.0,0.0016701462000000002,0.0016590118920000003,0.0021155185200000003,0.008072373300000001,6.680584800000001e-05,0.0028392485400000004,0.0,0.0,0.0,0.0,5.567154000000001e-06,2.1155185200000003e-05,0.000350730702,0.0,1.1524008780000002e-05,1.8371608200000006e-06,0.0,0.0,0.0,0.0,0.0005789840160000001,0.0034516354800000005,0.00010577592600000001
0,MUSTARD SEEDS,svsv,wcwv,0.0,0.008455115340000001,0.0,0.025574114300000002,0.001242171266,0.004775574405,0.028235909870000003,0.00041231735300000004,0.00073068898,0.0,0.0,0.0,0.0,0.002072025179,0.00020876828,0.0010438414000000001,0.0,1.35699382e-05,3.2228603225000004e-05,0.0,0.0,0.0,0.0,0.0,0.000443632595,0.000250521936
0,TOMATO RIPE,svsv,wcwv,0.0,0.192353863455,0.0,0.028058455296000002,0.002630480184,0.00438413364,0.0146137788,0.000438413364,0.0,0.01424843433,0.01424843433,0.01424843433,0.0,0.000146137788,0.00016075156680000002,0.000657620046,0.0,3.7265135939999996e-05,3.945720276e-05,0.0,0.0,0.0,0.0,0.015782881104,0.06868476036,0.000292275576
